<Backups xmlns="http://www.microsoft.com/GroupPolicy/GPOOperations/Manifest" xmlns:mfst="http://www.microsoft.com/GroupPolicy/GPOOperations/Manifest" mfst:version="1.0"><BackupInst><GPOGuid><![CDATA[{C31EDF6C-CB71-4651-9C0D-3870895F3035}]]></GPOGuid><GPODomain><![CDATA[CIS.BM]]></GPODomain><GPODomainGuid><![CDATA[{09a94884-59a0-4a2a-8795-69a6bc23c4e7}]]></GPODomainGuid><GPODomainController><![CDATA[WindowsBMDC.CIS.BM]]></GPODomainController><BackupTime><![CDATA[2023-04-04T19:17:01]]></BackupTime><ID><![CDATA[{9BAEF3A8-2FA4-4732-80B5-4811B64038C6}]]></ID><Comment><![CDATA[CIS Microsoft Windows Server 2022 v2.0.0 Member Server Level 2]]></Comment><GPODisplayName><![CDATA[Windows Server 2022 22H2 MS L2]]></GPODisplayName></BackupInst></Backups>