<BackupInst xmlns="http://www.microsoft.com/GroupPolicy/GPOOperations/Manifest"><GPOGuid><![CDATA[{D9D7C773-BDBC-4181-923B-0582D31F2B81}]]></GPOGuid><GPODomain><![CDATA[Corp.contoso.com]]></GPODomain><GPODomainGuid><![CDATA[{c90fc422-d973-4fd0-a0e1-59986b7997f5}]]></GPODomainGuid><GPODomainController><![CDATA[DC.Corp.contoso.com]]></GPODomainController><BackupTime><![CDATA[2023-07-25T04:58:39]]></BackupTime><ID><![CDATA[{46ABA2DA-43C1-4CBB-86CD-5DC701DB09CB}]]></ID><Comment><![CDATA[LAPS Tier 0 Server Policy]]></Comment><GPODisplayName><![CDATA[SEC - LAPS Tier 0 Server]]></GPODisplayName></BackupInst>
