<BackupInst xmlns="http://www.microsoft.com/GroupPolicy/GPOOperations/Manifest"><GPOGuid><![CDATA[{C254D567-FC2F-404A-B05E-8551DA7357BB}]]></GPOGuid><GPODomain><![CDATA[CIS.BM]]></GPODomain><GPODomainGuid><![CDATA[{09a94884-59a0-4a2a-8795-69a6bc23c4e7}]]></GPODomainGuid><GPODomainController><![CDATA[WindowsBMDC.CIS.BM]]></GPODomainController><BackupTime><![CDATA[2023-04-04T19:18:09]]></BackupTime><ID><![CDATA[{CCC587D4-8D61-4199-BC5A-F423C572F229}]]></ID><Comment><![CDATA[CIS Microsoft Windows Server 2022 v2.0.0 User Level 2]]></Comment><GPODisplayName><![CDATA[Windows Server 2022 22H2 User L2]]></GPODisplayName></BackupInst>
