<BackupInst xmlns="http://www.microsoft.com/GroupPolicy/GPOOperations/Manifest"><GPOGuid><![CDATA[{FB730C6B-6EA5-4D9A-AE11-681545C4B819}]]></GPOGuid><GPODomain><![CDATA[Corp.contoso.com]]></GPODomain><GPODomainGuid><![CDATA[{c90fc422-d973-4fd0-a0e1-59986b7997f5}]]></GPODomainGuid><GPODomainController><![CDATA[DC.Corp.contoso.com]]></GPODomainController><BackupTime><![CDATA[2023-07-25T04:57:30]]></BackupTime><ID><![CDATA[{1A3ED640-E62D-491F-AEE5-A0E58D66041F}]]></ID><Comment><![CDATA[LAPs Tier 0 DSRM Policy]]></Comment><GPODisplayName><![CDATA[SEC - LAPS Tier 0 DSRM]]></GPODisplayName></BackupInst>
