<BackupInst xmlns="http://www.microsoft.com/GroupPolicy/GPOOperations/Manifest"><GPOGuid><![CDATA[{13B0847C-65BA-4FC3-A659-B8176C56B568}]]></GPOGuid><GPODomain><![CDATA[CIS.BM]]></GPODomain><GPODomainGuid><![CDATA[{09a94884-59a0-4a2a-8795-69a6bc23c4e7}]]></GPODomainGuid><GPODomainController><![CDATA[WindowsBMDC.CIS.BM]]></GPODomainController><BackupTime><![CDATA[2023-04-04T19:16:03]]></BackupTime><ID><![CDATA[{2EF47500-DC45-40BD-83FC-0FE722305BE6}]]></ID><Comment><![CDATA[CIS Microsoft Windows Server 2022 v2.0.0 Domain Controller Next Generation]]></Comment><GPODisplayName><![CDATA[Windows Server 2022 22H2 DC NGWS]]></GPODisplayName></BackupInst>
