<BackupInst xmlns="http://www.microsoft.com/GroupPolicy/GPOOperations/Manifest"><GPOGuid><![CDATA[{D1FF5C4D-EFA5-45A3-B7D5-4ACB09F79910}]]></GPOGuid><GPODomain><![CDATA[Corp.contoso.com]]></GPODomain><GPODomainGuid><![CDATA[{c90fc422-d973-4fd0-a0e1-59986b7997f5}]]></GPODomainGuid><GPODomainController><![CDATA[DC.Corp.contoso.com]]></GPODomainController><BackupTime><![CDATA[2023-07-25T05:00:11]]></BackupTime><ID><![CDATA[{5A92E34B-8C7A-4146-BF40-6A131EB877F8}]]></ID><Comment><![CDATA[Rename & Disable Local Admin]]></Comment><GPODisplayName><![CDATA[SEC - Rename Local Admin]]></GPODisplayName></BackupInst>
