<Backups xmlns="http://www.microsoft.com/GroupPolicy/GPOOperations/Manifest" xmlns:mfst="http://www.microsoft.com/GroupPolicy/GPOOperations/Manifest" mfst:version="1.0"><BackupInst><GPOGuid><![CDATA[{D1FF5C4D-EFA5-45A3-B7D5-4ACB09F79910}]]></GPOGuid><GPODomain><![CDATA[Corp.contoso.com]]></GPODomain><GPODomainGuid><![CDATA[{c90fc422-d973-4fd0-a0e1-59986b7997f5}]]></GPODomainGuid><GPODomainController><![CDATA[DC.Corp.contoso.com]]></GPODomainController><BackupTime><![CDATA[2023-07-25T05:00:11]]></BackupTime><ID><![CDATA[{5A92E34B-8C7A-4146-BF40-6A131EB877F8}]]></ID><Comment><![CDATA[Rename & Disable Local Admin]]></Comment><GPODisplayName><![CDATA[SEC - Rename Local Admin]]></GPODisplayName></BackupInst><BackupInst><GPOGuid><![CDATA[{5C42398C-A96B-4F20-B970-D662B7FE6BF1}]]></GPOGuid><GPODomain><![CDATA[Corp.contoso.com]]></GPODomain><GPODomainGuid><![CDATA[{c90fc422-d973-4fd0-a0e1-59986b7997f5}]]></GPODomainGuid><GPODomainController><![CDATA[DC.Corp.contoso.com]]></GPODomainController><BackupTime><![CDATA[2023-07-25T04:59:21]]></BackupTime><ID><![CDATA[{490AD999-5374-4847-9D78-E3E0FCD88CD5}]]></ID><Comment><![CDATA[LAPS Tier 1 Server policy]]></Comment><GPODisplayName><![CDATA[SEC - LAPS Tier 1 Server]]></GPODisplayName></BackupInst><BackupInst><GPOGuid><![CDATA[{D9D7C773-BDBC-4181-923B-0582D31F2B81}]]></GPOGuid><GPODomain><![CDATA[Corp.contoso.com]]></GPODomain><GPODomainGuid><![CDATA[{c90fc422-d973-4fd0-a0e1-59986b7997f5}]]></GPODomainGuid><GPODomainController><![CDATA[DC.Corp.contoso.com]]></GPODomainController><BackupTime><![CDATA[2023-07-25T04:58:39]]></BackupTime><ID><![CDATA[{46ABA2DA-43C1-4CBB-86CD-5DC701DB09CB}]]></ID><Comment><![CDATA[LAPS Tier 0 Server Policy]]></Comment><GPODisplayName><![CDATA[SEC - LAPS Tier 0 Server]]></GPODisplayName></BackupInst><BackupInst><GPOGuid><![CDATA[{FB730C6B-6EA5-4D9A-AE11-681545C4B819}]]></GPOGuid><GPODomain><![CDATA[Corp.contoso.com]]></GPODomain><GPODomainGuid><![CDATA[{c90fc422-d973-4fd0-a0e1-59986b7997f5}]]></GPODomainGuid><GPODomainController><![CDATA[DC.Corp.contoso.com]]></GPODomainController><BackupTime><![CDATA[2023-07-25T04:57:30]]></BackupTime><ID><![CDATA[{1A3ED640-E62D-491F-AEE5-A0E58D66041F}]]></ID><Comment><![CDATA[LAPs Tier 0 DSRM Policy]]></Comment><GPODisplayName><![CDATA[SEC - LAPS Tier 0 DSRM]]></GPODisplayName></BackupInst></Backups>