<BackupInst xmlns="http://www.microsoft.com/GroupPolicy/GPOOperations/Manifest"><GPOGuid><![CDATA[{571F93FC-3220-477C-8C48-B1FBBAFB4A30}]]></GPOGuid><GPODomain><![CDATA[CIS.BM]]></GPODomain><GPODomainGuid><![CDATA[{09a94884-59a0-4a2a-8795-69a6bc23c4e7}]]></GPODomainGuid><GPODomainController><![CDATA[WindowsBMDC.CIS.BM]]></GPODomainController><BackupTime><![CDATA[2023-04-04T19:17:15]]></BackupTime><ID><![CDATA[{29E1A86D-0DB7-4603-AFEE-8A635C8212E6}]]></ID><Comment><![CDATA[CIS Microsoft Windows Server 2022 v2.0.0 Member Server Level 2 Services]]></Comment><GPODisplayName><![CDATA[Windows Server 2022 22H2 MS L2 Services]]></GPODisplayName></BackupInst>
