<BackupInst xmlns="http://www.microsoft.com/GroupPolicy/GPOOperations/Manifest"><GPOGuid><![CDATA[{5C42398C-A96B-4F20-B970-D662B7FE6BF1}]]></GPOGuid><GPODomain><![CDATA[Corp.contoso.com]]></GPODomain><GPODomainGuid><![CDATA[{c90fc422-d973-4fd0-a0e1-59986b7997f5}]]></GPODomainGuid><GPODomainController><![CDATA[DC.Corp.contoso.com]]></GPODomainController><BackupTime><![CDATA[2023-07-25T04:59:21]]></BackupTime><ID><![CDATA[{490AD999-5374-4847-9D78-E3E0FCD88CD5}]]></ID><Comment><![CDATA[LAPS Tier 1 Server policy]]></Comment><GPODisplayName><![CDATA[SEC - LAPS Tier 1 Server]]></GPODisplayName></BackupInst>
