<Backups xmlns="http://www.microsoft.com/GroupPolicy/GPOOperations/Manifest" xmlns:mfst="http://www.microsoft.com/GroupPolicy/GPOOperations/Manifest" mfst:version="1.0"><BackupInst><GPOGuid><![CDATA[{79380E0E-3804-424E-A145-D8301951A7DD}]]></GPOGuid><GPODomain><![CDATA[CIS.BM]]></GPODomain><GPODomainGuid><![CDATA[{09a94884-59a0-4a2a-8795-69a6bc23c4e7}]]></GPODomainGuid><GPODomainController><![CDATA[WindowsBMDC.CIS.BM]]></GPODomainController><BackupTime><![CDATA[2023-04-04T19:17:57]]></BackupTime><ID><![CDATA[{F0128B1F-844A-4C17-9AD1-BD32F85F7BB9}]]></ID><Comment><![CDATA[CIS Microsoft Windows Server 2022 v2.0.0 User Level 1]]></Comment><GPODisplayName><![CDATA[Windows Server 2022 22H2 User L1]]></GPODisplayName></BackupInst></Backups>